Workbook

Sheet 1. Roles
A1: Role ID | B1: Role Name | C1: Mô tả | D1: Phạm vi | E1: Cách kích hoạt
A2: R01 | B2: Guest | C2: Người dùng chưa đăng ký | D2: Public | E2: Tự động (không cần tài khoản)
A3: R02 | B3: User (Free) | C3: Người dùng đã đăng ký, chưa trả phí | D3: Public | E3: Tự động khi đăng ký
A4: R03 | B4: User (Premium) | C4: Người dùng đã mua gói Premium | D4: Public | E4: Kích hoạt qua IAP(In-App Purchase)
A5: R04 | B5: Admin | C5: Quản trị viên hệ thống | D5: Nội bộ | E5: Cấp thủ công bởi hệ thống
A6: R05 | B6: Content Editor | C6: Người tạo/duyệt nội dung | D6: Nội bộ | E6: Cấp thủ công bởi hệ thống
A7: R06 | B7: Moderator | C7: Quản lý cộng đồng | D7: Nội bộ | E7: Cấp thủ công bởi hệ thống

Sheet 2. Function Groups
A1: Function group ID | B1: Function group name | C1: Description | D1: Number of Functions
A2: G01 | B2: Authentication & Account | C2: Quản lý toàn bộ vòng đời tài khoản người dùng từ lúc đăng ký đến khi xóa tài khoản. Hỗ trợ đăng nhập nhanh qua Google, Facebook, Apple ID giúp giảm rào cản onboarding. Đảm bảo bảo mật thông tin cá nhân, cho phép người chơi quản lý hồ sơ, avatar, đổi mật khẩu và liên kết nhiều nền tảng vào cùng một tài khoản. | D2: =COUNTIF('3. Functions'!A:A, '2. Function Groups'!B2) -> 2
A3: G02 | B3: Core Gameplay | C3: Là trái tim của toàn bộ ứng dụng, chịu trách nhiệm xử lý logic game, vòng lặp chơi (game loop), hệ thống màn chơi và điều khiển người dùng. Đảm bảo trải nghiệm mượt mà với cơ chế lưu tiến trình tự động (auto-save), đồng bộ dữ liệu lên cloud để người chơi không mất dữ liệu khi đổi thiết bị. | D3: =COUNTIF('3. Functions'!A:A, '2. Function Groups'!B3) -> 4
A4: G03 | B4: Economy & IAP | C4: Quản lý toàn bộ hệ thống kinh tế trong game bao gồm tiền tệ ảo (Coin, Gem), cửa hàng vật phẩm và các gói nạp tiền thực. Mọi giao dịch đều được xác thực phía server để chống gian lận. Cung cấp lịch sử giao dịch minh bạch và cơ chế xử lý hoàn tiền khi có sự cố, đây là nguồn doanh thu chính của game. | D4: =COUNTIF('3. Functions'!A:A, '2. Function Groups'!B4) -> 3
A5: G04 | B5: Settings & Configuration | C5: Cho phép người chơi cá nhân hóa trải nghiệm theo sở thích như điều chỉnh âm lượng, chất lượng đồ họa, ngôn ngữ hiển thị. Đây là nhóm chức năng bắt buộc theo chính sách của Apple App Store và Google Play Store, bao gồm trang Điều khoản sử dụng và Chính sách bảo mật phải hiển thị rõ ràng trong app. | D5: =COUNTIF('3. Functions'!A:A, '2. Function Groups'!B5) -> 3
A6: G05 | B6: Analytics & Tracking | C6: Thu thập và phân tích dữ liệu hành vi người chơi để đưa ra quyết định cải thiện game dựa trên số liệu thực tế. Theo dõi tỉ lệ giữ chân (Retention D1/D7/D30), phân tích phễu onboarding, đo lường doanh thu (ARPU, LTV) và tự động báo cáo lỗi crash. Hỗ trợ A/B Testing để thử nghiệm tính năng mới trước khi triển khai toàn bộ. | D6: =COUNTIF('3. Functions'!A:A, '2. Function Groups'!B6) -> 1
A7: G06 | B7: Progression & Reward | C7: Hệ thống tạo động lực dài hạn giúp người chơi luôn có mục tiêu để hướng đến. Bao gồm hệ thống EXP/lên cấp, thành tích (achievements), nhiệm vụ hàng ngày/tuần và phần thưởng đăng nhập liên tiếp. Battle Pass hoặc Season Pass tạo ra chu kỳ nội dung định kỳ, khuyến khích người chơi quay lại đều đặn và chi tiêu trong game. | D7: =COUNTIF('3. Functions'!A:A, '2. Function Groups'!B7) -> 3
A8: G07 | B8: Leaderboard & PvP | C8: Tạo môi trường cạnh tranh lành mạnh giúp tăng độ gắn kết và thời gian chơi. Bảng xếp hạng toàn cầu, khu vực và bạn bè tạo ra áp lực xã hội tích cực. Hệ thống Matchmaking theo kỹ năng (ELO/MMR) đảm bảo trận đấu công bằng. Tournament định kỳ tạo sự kiện đặc biệt thu hút người chơi cạnh tranh và mời bạn bè tham gia. | D8: =COUNTIF('3. Functions'!A:A, '2. Function Groups'!B8) -> 3
A9: G08 | B9: Notification & Engagement | C9: Cầu nối chủ động giữa game và người chơi khi họ không mở app. Push Notification nhắc nhở người chơi về năng lượng đã hồi phục, sự kiện sắp kết thúc, ưu đãi giới hạn thời gian hoặc bạn bè đang online. Cần cho phép người chơi tùy chỉnh loại thông báo muốn nhận để tránh gây khó chịu và bị tắt thông báo. | D9: =COUNTIF('3. Functions'!A:A, '2. Function Groups'!B9) -> 1
A10: G09 | B10: Social & Community | C10: Xây dựng mạng lưới xã hội trong game giúp tăng tính viral và giữ chân người chơi thông qua các mối quan hệ. Hệ thống bạn bè, Guild/Clan tạo cảm giác thuộc về cộng đồng. Chat trong game và tính năng gửi quà tăng tương tác. Referral system khuyến khích người chơi mời bạn bè, giúp tăng trưởng người dùng mới với chi phí thấp. | D10: =COUNTIF('3. Functions'!A:A, '2. Function Groups'!B10) -> 2
A11: G10 | B11: Support & Feedback | C11: Hệ thống hỗ trợ người chơi khi gặp sự cố, cung cấp hai tầng hỗ trợ gồm tự phục vụ (FAQ, Help Center) và liên hệ trực tiếp (ticket, email, chat). Người chơi có thể tự tra cứu hướng dẫn, tìm kiếm câu trả lời theo từ khóa hoặc gửi báo lỗi kèm ảnh chụp màn hình và theo dõi tr��ng thái xử lý. Nhóm chức năng này đóng vai trò giữ chân người chơi trong các tình huống nghiêm trọng như mất dữ liệu, lỗi thanh toán hoặc bị khóa tài khoản oan, tránh để người chơi rời bỏ game vì trải nghiệm xấu không được giải quyết. | D11: =COUNTIF('3. Functions'!A:A, '2. Function Groups'!B11) -> 2
A12: G11 | B12: Admin & CMS | C12: Bộ công cụ quản trị hệ thống dành riêng cho admin, cho phép kiểm soát toàn bộ nội dung và người dùng trong game. Admin có thể quản lý kho câu hỏi, theo dõi và xử lý tài khoản vi phạm, tiếp nhận và giải quyết báo cáo từ người chơi. Đây là nhóm chức năng vận hành back-end cốt lõi, đảm bảo chất lượng nội dung luôn ổn định, môi trường chơi game công bằng và hệ thống được kiểm soát chặt chẽ trước khi ra mắt. | D12: =COUNTIF('3. Functions'!A:A, '2. Function Groups'!B12) -> 3

Sheet 3. Functions
A1: Function group | B1: Function ID | C1: Function name | D1: Description | E1: Number of Sub-function
A2: =VLOOKUP(LEFT(B2, 3), '2. Function Groups'!A:B, 2, FALSE) -> Authentication & Account | B2: G01_F01 | C2: User Registration / Login | D2: Cho phép người dùng tạo tài khoản và đăng nhập vào hệ thống bằng email/mật khẩu hoặc các phương thức đăng nhập nhanh (SSO). Quản lý phiên đăng nhập (session), xác thực, quên mật khẩu và đăng xuất để đảm bảo an toàn và tiện lợi khi sử dụng. | E2: =COUNTIF('4. Sub-Functions'!A:A, '3. Functions'!C2) -> 7
A3: =VLOOKUP(LEFT(B3, 3), '2. Function Groups'!A:B, 2, FALSE) -> Authentication & Account | B3: G01_F02 | C3: User Profile | D3: Cung cấp trang hồ sơ người dùng hiển thị thông tin cá nhân và các chỉ số chơi game (EXP, streak, rank, lịch sử chơi, huy hiệu). Cho phép người dùng xem/điều chỉnh một số thông tin hiển thị theo quyền và thiết lập riêng tư. | E3: =COUNTIF('4. Sub-Functions'!A:A, '3. Functions'!C3) -> 4
A4: =VLOOKUP(LEFT(B4, 3), '2. Function Groups'!A:B, 2, FALSE) -> Core Gameplay | B4: G02_F01 | C4: Daily Quiz | D4: Tính năng quiz hằng ngày theo phiên chơi: kiểm tra quyền chơi trong ngày, lấy bộ câu hỏi theo quy tắc chọn câu hỏi, hiển thị câu hỏi/đáp án, nhận thao tác trả lời và chấm đúng/sai cho từng câu. Khi kết thúc phiên (hoàn thành/thoát), hệ thống ghi nhận kết quả phiên chơi và phát sinh gameplay event (ví dụ: DailyQuizCompleted) để các hệ thống meta xử lý (Reward/Progression, Streak, Hint). | E4: =COUNTIF('4. Sub-Functions'!A:A, '3. Functions'!C4) -> 5
A5: =VLOOKUP(LEFT(B5, 3), '2. Function Groups'!A:B, 2, FALSE) -> Core Gameplay | B5: G02_F02 | C5: Level Quiz | D5: Hệ thống quiz theo level: hiển thị danh sách level và trạng thái mở/khóa, cho phép vào chơi 1 level, hiển thị câu hỏi, nhận câu trả lời và đánh giá điều kiện hoàn thành level. Khi hoàn thành, hệ thống cập nhật trạng thái tiến độ level (unlock level kế tiếp nếu đủ điều kiện) và phát sinh gameplay event (LevelCompleted) kèm kết quả để các hệ thống meta xử lý. | E5: =COUNTIF('4. Sub-Functions'!A:A, '3. Functions'!C5) -> 6
A6: =VLOOKUP(LEFT(B6, 3), '2. Function Groups'!A:B, 2, FALSE) -> Core Gameplay | B6: G02_F03 | C6: Mini Game | D6: Danh sách và luồng vào chơi mini game: hiển thị các mini game và trạng thái locked/unlocked, kiểm tra điều kiện truy cập (level/currency/premium), cho phép bắt đầu phiên mini game và ghi nhận kết quả phiên chơi. Khi hoàn thành, hệ thống phát sinh gameplay event (MiniGameCompleted) kèm kết quả để các hệ thống meta xử lý (thưởng/tiến trình/mở khóa theo cấu hình). | E6: =COUNTIF('4. Sub-Functions'!A:A, '3. Functions'!C6) -> 5
A7: =VLOOKUP(LEFT(B7, 3), '2. Function Groups'!A:B, 2, FALSE) -> Core Gameplay | B7: G02_F04 | C7: Quick Calculate | D7: Mini game tính toán nhanh: hệ thống liên tục hiển thị các phép toán + - * / theo dạng câu hỏi ngắn, người chơi nhập đáp án trong thời gian giới hạn. Tốc độ/độ khó tăng dần (thời gian cho mỗi câu giảm dần hoặc phép toán phức tạp hơn). Điểm số được tính theo số câu trả lời đúng (có thể cộng thêm bonus theo streak đúng/độ khó), và kết quả phiên chơi được ghi nhận để phát sinh event cho hệ thống Reward/Progression xử lý thưởng/xếp hạng (nếu áp dụng). | E7: =COUNTIF('4. Sub-Functions'!A:A, '3. Functions'!C7) -> 8
A8: =VLOOKUP(LEFT(B8, 3), '2. Function Groups'!A:B, 2, FALSE) -> Economy & IAP | B8: G03_F01 | C8: Avatar & Frame Customization | D8: Hệ thống sưu tập và tùy biến ngoại hình (avatar, frame, hiệu ứng tên) cho hồ sơ người dùng. Quản lý danh mục cosmetic, trạng thái sở hữu (owned/locked) dựa trên dữ liệu từ Shop/Wallet, và trang bị (equip/unequip) để hiển thị trên profile/leaderboard. Không xử lý luồng mua hàng (purchase) trong module này. | E8: =COUNTIF('4. Sub-Functions'!A:A, '3. Functions'!C8) -> 8
A9: =VLOOKUP(LEFT(B9, 3), '2. Function Groups'!A:B, 2, FALSE) -> Economy & IAP | B9: G03_F02 | C9: Wallet / Currency Manager | D9: Quản lý các loại tiền tệ trong game (Coin/Gem/Token…), bao gồm hiển thị số dư, cộng/trừ theo giao dịch, đối soát và lưu lịch sử biến động. Là lớp nền dùng chung cho shop, phần thưởng, mở khóa, và các hoạt động tiêu hao/nhận currency. | E9: =COUNTIF('4. Sub-Functions'!A:A, '3. Functions'!C9) -> 6
A10: =VLOOKUP(LEFT(B10, 3), '2. Function Groups'!A:B, 2, FALSE) -> Economy & IAP | B10: G03_F03 | C10: Shop | D10: Cửa hàng trong game hiển thị danh mục item/gói bán và xử lý luồng mua hàng (bằng Coin/Gem/IAP). Tự động cấp item sau mua, quản lý gói Premium, gói hint/skip, bundle currency và các vật phẩm cosmetic; đảm bảo kiểm tra hợp lệ và xử lý lỗi giao dịch. | E10: =COUNTIF('4. Sub-Functions'!A:A, '3. Functions'!C10) -> 7
A11: =VLOOKUP(LEFT(B11, 3), '2. Function Groups'!A:B, 2, FALSE) -> Settings & Configuration | B11: G04_F01 | C11: App Settings | D11: Cài đặt trải nghiệm ứng dụng như âm thanh/nhạc, giao diện tối/sáng, ngôn ngữ, và các tuỳ chọn chung khác. Lưu cấu hình theo thiết bị hoặc theo tài khoản, đảm bảo áp dụng xuyên suốt các màn hình và phiên chơi. | E11: =COUNTIF('4. Sub-Functions'!A:A, '3. Functions'!C11) -> 4
A12: =VLOOKUP(LEFT(B12, 3), '2. Function Groups'!A:B, 2, FALSE) -> Settings & Configuration | B12: G04_F02 | C12: Privacy Settings | D12: Thiết lập quyền riêng tư cho người dùng: ẩn/hiện profile, ẩn/hiện rank, chặn người dùng khác và quản lý tài khoản liên kết. Quy định mức độ hiển thị thông tin trên leaderboard, trang cá nhân và các tính năng xã hội. | E12: =COUNTIF('4. Sub-Functions'!A:A, '3. Functions'!C12) -> 4
A13: =VLOOKUP(LEFT(B13, 3), '2. Function Groups'!A:B, 2, FALSE) -> Settings & Configuration | B13: G04_F03 | C13: Terms & Policy | D13: Cung cấp trang hiển thị các tài liệu pháp lý bắt buộc như Terms of Service, Privacy Policy, Refund Policy. Đảm bảo truy cập được từ trong app, hỗ trợ cập nhật nội dung theo phiên bản và tuân thủ yêu cầu store. | E13: =COUNTIF('4. Sub-Functions'!A:A, '3. Functions'!C13) -> 3
... A28: =VLOOKUP(LEFT(B28, 3), '2. Function Groups'!A:B, 2, FALSE) -> Admin & CMS | B28: G11_F03 | C28: Report & Moderation | D28: Hệ thống tiếp nhận và xử lý báo cáo phục vụ kiểm duyệt: báo cáo câu hỏi sai, gian lận, hành vi không phù hợp. Cung cấp danh sách/chi tiết báo cáo, trạng thái xử lý, quyết định duyệt/đóng và hành động moderation (cảnh cáo/ban…). Tách biệt với ticket CSKH (Contact Support) để phân luồng vận hành và SLA rõ ràng; hỗ trợ audit/log để truy vết. | E28: =COUNTIF('4. Sub-Functions'!A:A, '3. Functions'!C28) -> 6

Sheet 4. Sub-Functions
A1: Function name | B1: Sub-Function ID | C1: Sub-Function Name | D1: Description | E1: MVP Scope
A2: =VLOOKUP(LEFT(B2, 7), '3. Functions'!B:C, 2, FALSE) -> User Registration / Login | B2: G01_F01_SF01 | C2: Register With Email | D2: Tạo tài khoản mới bằng email + mật khẩu, gửi mail xác nhận | E2: Yes
A3: =VLOOKUP(LEFT(B3, 7), '3. Functions'!B:C, 2, FALSE) -> User Registration / Login | B3: G01_F01_SF02 | C3: Login With Email | D3: Đăng nhập bằng email + mật khẩu đã đăng ký | E3: Yes
A4: =VLOOKUP(LEFT(B4, 7), '3. Functions'!B:C, 2, FALSE) -> User Registration / Login | B4: G01_F01_SF03 | C4: Login With Google | D4: OAuth2 với Google account | E4: No
A5: =VLOOKUP(LEFT(B5, 7), '3. Functions'!B:C, 2, FALSE) -> User Registration / Login | B5: G01_F01_SF04 | C5: Login With Facebook | D5: OAuth2 với Facebook account | E5: No
A6: =VLOOKUP(LEFT(B6, 7), '3. Functions'!B:C, 2, FALSE) -> User Registration / Login | B6: G01_F01_SF05 | C6: Create Initial Profile | D6: Sau đăng ký: nhập username, gán avatar mặc định, gán role Free | E6: Yes
A7: =VLOOKUP(LEFT(B7, 7), '3. Functions'!B:C, 2, FALSE) -> User Registration / Login | B7: G01_F01_SF06 | C7: Forgot Password | D7: Gửi link reset mật khẩu qua email | E7: Yes
A8: =VLOOKUP(LEFT(B8, 7), '3. Functions'!B:C, 2, FALSE) -> User Registration / Login | B8: G01_F01_SF07 | C8: Logout | D8: Xóa session, đăng xuất khỏi thiết bị | E8: Yes
A9: =VLOOKUP(LEFT(B9, 7), '3. Functions'!B:C, 2, FALSE) -> User Profile | B9: G01_F02_SF01 | C9: View Basic Profile Info | D9: Hiển thị thông tin cơ bản của hồ sơ người dùng: username/display name, avatar/frame đang trang bị, user ID (nếu cần), ngày tham gia (join date), trạng thái Premium/Free và (tuỳ chọn) quốc gia/khu vực. Chỉ hiển thị các trường được phép theo Privacy Settings. | E9: Yes
A10: =VLOOKUP(LEFT(B10, 7), '3. Functions'!B:C, 2, FALSE) -> User Profile | B10: G01_F02_SF02 | C10: View Personal Statistics | D10: Hiển thị tổng EXP, streak hiện tại, rank, số level đã hoàn thành | E10: Yes
A11: =VLOOKUP(LEFT(B11, 7), '3. Functions'!B:C, 2, FALSE) -> User Profile | B11: G01_F02_SF03 | C11: View Badges & Achievements | D11: Hiển thị các huy hiệu đã đạt được | E11: Yes
A12: =VLOOKUP(LEFT(B12, 7), '3. Functions'!B:C, 2, FALSE) -> User Profile | B12: G01_F02_SF04 | C12: View Other User Profile | D12: Xem thông tin public của user khác khi click vào leaderboard | E12: No
A13: =VLOOKUP(LEFT(B13, 7), '3. Functions'!B:C, 2, FALSE) -> Daily Quiz | B13: G02_F01_SF01 | C13: Get Questions By Level | D13: Hệ thống tự động lấy 5 câu hỏi phù hợp với level người chơi (level question = level quiz +- 5) | E13: Yes
... A156: =VLOOKUP(LEFT(B156, 7), '3. Functions'!B:C, 2, FALSE) -> Report & Moderation | B156: G11_F03_SF06 | C156: Close Invalid Report | D156: Đóng báo cáo không hợp lệ hoặc trùng lặp | E156: No

Sheet 5. Matrix Role-Function
A1: Function ID | B1: Function name | C1: Guest (R01) | D1: User (Free) (R02) | E1: User (Premium) (R03) | F1: Admin (R04) | G1: Content Editor (R05) | H1: Moderator (R06)
A2: G01_F01 | B2: User Registration / Login | C2: o | D2: o | E2: o | F2: - | G2: - | H2: -
A3: G01_F02 | B3: User Profile | C3: o | D3: o | E3: o | F3: - | G3: - | H3: -
A4: G02_F01 | B4: Daily Quiz | C4: o | D4: o | E4: o | F4: - | G4: - | H4: -
A5: G02_F02 | B5: Level Quiz | C5: o | D5: o | E5: o | F5: - | G5: - | H5: -
A6: G02_F03 | B6: Mini Game | C6: o | D6: o | E6: o | F6: - | G6: - | H6: -
A7: G02_F04 | B7: Quick Calculate | C7: o | D7: o | E7: o | F7: - | G7: - | H7: -
A8: G03_F01 | B8: Avatar & Frame Customization | C8: - | D8: o | E8: o | F8: - | G8: - | H8: -
A9: G03_F02 | B9: Wallet / Currency Manager | C9: - | D9: o | E9: o | F9: o | G9: - | H9: -
A10: G03_F03 | B10: Shop | C10: - | D10: o | E10: o | F10: - | G10: - | H10: -
A11: G04_F01 | B11: App Settings | C11: o | D11: o | E11: o | F11: - | G11: - | H11: -
A12: G04_F02 | B12: Privacy Settings | C12: - | D12: o | E12: o | F12: - | G12: - | H12: -
... A28: G11_F03 | B28: Report & Moderation | C28: o | D28: o | E28: o | F28: o | G28: o | H28: o
